{"cameraMode":{"drawMode":0,"name":"Shaded","section":"Shading Mode"},"sceneLighting":true,"audioPlay":false,"sceneViewState":{"m_AlwaysRefresh":false,"showFog":true,"showSkybox":true,"showFlares":true,"showImageEffects":true,"showParticleSystems":true,"showVisualEffectGraphs":true,"m_FxEnabled":true},"in2DMode":false,"pivot":{"x":-10.142790794372559,"y":1.5854129791259766,"z":-0.7469797134399414},"rotation":{"x":0.04276013374328613,"y":-0.8461713790893555,"z":0.06868986785411835,"w":0.5267383456230164},"size":9.961315155029297,"orthographic":false}