{"cameraMode":{"drawMode":0,"name":"Shaded","section":"Shading Mode"},"sceneLighting":true,"audioPlay":false,"sceneViewState":{"m_AlwaysRefresh":false,"showFog":true,"showSkybox":true,"showFlares":true,"showImageEffects":true,"showParticleSystems":true,"showVisualEffectGraphs":true,"m_FxEnabled":true},"in2DMode":false,"pivot":{"x":-0.39897000789642336,"y":-7.548305511474609,"z":12.710548400878907},"rotation":{"x":0.25658321380615237,"y":0.010148401372134686,"z":-0.0026941890828311445,"w":0.9664668440818787},"size":3.115349054336548,"orthographic":false}