{"cameraMode":{"drawMode":0,"name":"Shaded","section":"Shading Mode"},"sceneLighting":true,"audioPlay":false,"sceneViewState":{"m_AlwaysRefresh":false,"showFog":true,"showSkybox":true,"showFlares":true,"showImageEffects":true,"showParticleSystems":true,"showVisualEffectGraphs":true,"m_FxEnabled":true},"in2DMode":false,"pivot":{"x":1.327742099761963,"y":-0.6844948530197144,"z":4.364910125732422},"rotation":{"x":0.16006752848625184,"y":0.02485228329896927,"z":-0.004032079130411148,"w":0.9867942929267883},"size":2.9258153438568117,"orthographic":false}