{"cameraMode":{"drawMode":0,"name":"Shaded","section":"Shading Mode"},"sceneLighting":true,"audioPlay":false,"sceneViewState":{"m_AlwaysRefresh":false,"showFog":true,"showSkybox":true,"showFlares":true,"showImageEffects":true,"showParticleSystems":true,"showVisualEffectGraphs":true,"m_FxEnabled":true},"in2DMode":false,"pivot":{"x":-0.6106327772140503,"y":1.007520079612732,"z":7.630537033081055},"rotation":{"x":0.004800889641046524,"y":-0.05878620967268944,"z":0.0002799435460474342,"w":0.998269259929657},"size":9.459542274475098,"orthographic":false}