{"cameraMode":{"drawMode":0,"name":"Shaded","section":"Shading Mode"},"sceneLighting":true,"audioPlay":false,"sceneViewState":{"m_AlwaysRefresh":false,"showFog":true,"showSkybox":true,"showFlares":true,"showImageEffects":true,"showParticleSystems":true,"showVisualEffectGraphs":true,"m_FxEnabled":true},"in2DMode":false,"pivot":{"x":2.875500202178955,"y":-8.62438678741455,"z":11.997611045837403},"rotation":{"x":0.25658321380615237,"y":0.010148401372134686,"z":-0.0026941890828311445,"w":0.9664668440818787},"size":3.415349006652832,"orthographic":false}