{"cameraMode":{"drawMode":0,"name":"Shaded","section":"Shading Mode"},"sceneLighting":true,"audioPlay":false,"sceneViewState":{"m_AlwaysRefresh":false,"showFog":true,"showSkybox":true,"showFlares":true,"showImageEffects":true,"showParticleSystems":true,"showVisualEffectGraphs":true,"m_FxEnabled":true},"in2DMode":false,"pivot":{"x":0.4230000972747803,"y":-7.174111366271973,"z":12.825881958007813},"rotation":{"x":0.18367642164230348,"y":0.03034188225865364,"z":-0.005639149807393551,"w":0.9825262427330017},"size":4.287661075592041,"orthographic":false}